cycle_number,max_stress,start_stress,stress_change,capacity_start_mAhg,capacity_end_mAhg,charge_current,c_rate
1,NaN,NaN,NaN,185.369797123764,209.587927929889,-0.459037023324394,0.14
2,-5.93713904127802,NaN,NaN,214.674593190943,234.913497825923,-0.399120087477465,0.12
3,-4.82270687981057,2.14813603141099,-6.97084291122156,197.624573279804,215.223487831463,-0.399104519720853,0.12
4,-3.75631323807311,2.82067627436019,-6.5769895124333,187.473390764316,204.343399015917,-0.399096653462725,0.12
5,2.99853133540911,2.96822602479042,0.0303053106186848,5.46822495386377,164.522334668525,-6.79816249402663,2
6,-1.86693550657332,2.76749633454802,-4.63443184112134,139.756625041445,168.689439811388,-0.459001670770086,0.14
